Vec #1,	True Class: 2,	Predicted Class: 2,	Sum of LL: -46.99047122206284
Vec #2,	True Class: 2,	Predicted Class: 2,	Sum of LL: -31.068762759981162
Vec #3,	True Class: 1,	Predicted Class: 1,	Sum of LL: 14.817075925360765
Vec #4,	True Class: 2,	Predicted Class: 2,	Sum of LL: -102.64541925103968
Vec #5,	True Class: 2,	Predicted Class: 2,	Sum of LL: -17.3939478084414
Vec #6,	True Class: 2,	Predicted Class: 2,	Sum of LL: -36.286030908754825
Vec #7,	True Class: 2,	Predicted Class: 2,	Sum of LL: -6.788153733938337
Vec #8,	True Class: 2,	Predicted Class: 2,	Sum of LL: -39.9518834266809
Vec #9,	True Class: 2,	Predicted Class: 2,	Sum of LL: -50.625578951696596
Vec #10,	True Class: 2,	Predicted Class: 2,	Sum of LL: -14.990013234926609
Vec #11,	True Class: 2,	Predicted Class: 2,	Sum of LL: -49.41067444843814
Vec #12,	True Class: 1,	Predicted Class: 1,	Sum of LL: 17.793078186403267
Vec #13,	True Class: 1,	Predicted Class: 1,	Sum of LL: 34.05848350882601
Vec #14,	True Class: 2,	Predicted Class: 2,	Sum of LL: -33.2660878687174
Vec #15,	True Class: 1,	Predicted Class: 2,	Sum of LL: -13.804707292400838
Vec #16,	True Class: 2,	Predicted Class: 2,	Sum of LL: -42.67882726557121
Vec #17,	True Class: 2,	Predicted Class: 2,	Sum of LL: -26.879095425654015
Vec #18,	True Class: 2,	Predicted Class: 2,	Sum of LL: -39.74456708890761
Vec #19,	True Class: 2,	Predicted Class: 2,	Sum of LL: -32.747950680840766
Vec #20,	True Class: 2,	Predicted Class: 2,	Sum of LL: -10.548780693374475
Vec #21,	True Class: 2,	Predicted Class: 2,	Sum of LL: -44.24531589252926
Vec #22,	True Class: 1,	Predicted Class: 2,	Sum of LL: -38.16893195670341
Vec #23,	True Class: 2,	Predicted Class: 2,	Sum of LL: -19.02905880905553
Vec #24,	True Class: 2,	Predicted Class: 2,	Sum of LL: -65.97739848236782
Vec #25,	True Class: 2,	Predicted Class: 2,	Sum of LL: -45.54584886282722
Vec #26,	True Class: 1,	Predicted Class: 2,	Sum of LL: -2.048698811184185
Vec #27,	True Class: 2,	Predicted Class: 2,	Sum of LL: -37.73590782262735
Vec #28,	True Class: 1,	Predicted Class: 1,	Sum of LL: 3.856621761018752
Vec #29,	True Class: 2,	Predicted Class: 2,	Sum of LL: -23.723834892197914
Vec #30,	True Class: 2,	Predicted Class: 2,	Sum of LL: -112.85390042813022
Vec #31,	True Class: 2,	Predicted Class: 2,	Sum of LL: -20.459270917302515
Vec #32,	True Class: 2,	Predicted Class: 2,	Sum of LL: -44.62269919190386
Vec #33,	True Class: 2,	Predicted Class: 2,	Sum of LL: -8.730120950672763
Vec #34,	True Class: 2,	Predicted Class: 2,	Sum of LL: -48.27056874411697
Vec #35,	True Class: 2,	Predicted Class: 2,	Sum of LL: -82.88780380587718
Vec #36,	True Class: 2,	Predicted Class: 2,	Sum of LL: -22.304244077226723
Vec #37,	True Class: 2,	Predicted Class: 2,	Sum of LL: -34.31530318198217
Vec #38,	True Class: 2,	Predicted Class: 2,	Sum of LL: -61.86952394575388
Vec #39,	True Class: 2,	Predicted Class: 2,	Sum of LL: -21.938369604941787
Vec #40,	True Class: 1,	Predicted Class: 1,	Sum of LL: 30.685373018450306
Vec #41,	True Class: 2,	Predicted Class: 2,	Sum of LL: -81.18003697858785
Vec #42,	True Class: 2,	Predicted Class: 2,	Sum of LL: -31.14153809593104
Vec #43,	True Class: 2,	Predicted Class: 2,	Sum of LL: -82.89057295877171
Vec #44,	True Class: 2,	Predicted Class: 2,	Sum of LL: -28.24510374483786
Vec #45,	True Class: 1,	Predicted Class: 1,	Sum of LL: 42.55018988038967
Vec #46,	True Class: 2,	Predicted Class: 2,	Sum of LL: -28.640340506793727
Vec #47,	True Class: 2,	Predicted Class: 2,	Sum of LL: -42.7062014445285
Vec #48,	True Class: 2,	Predicted Class: 2,	Sum of LL: -63.45893573809194
Vec #49,	True Class: 2,	Predicted Class: 2,	Sum of LL: -43.16413519771758
Vec #50,	True Class: 2,	Predicted Class: 2,	Sum of LL: -35.71754667441944
Vec #51,	True Class: 2,	Predicted Class: 2,	Sum of LL: -86.96322656180608
Vec #52,	True Class: 2,	Predicted Class: 2,	Sum of LL: -51.19091440038886
Vec #53,	True Class: 1,	Predicted Class: 1,	Sum of LL: 12.58875985129782
Vec #54,	True Class: 2,	Predicted Class: 2,	Sum of LL: -16.021575523570977
Vec #55,	True Class: 2,	Predicted Class: 2,	Sum of LL: -51.647397002285096
Vec #56,	True Class: 1,	Predicted Class: 1,	Sum of LL: 23.541763085260452
Vec #57,	True Class: 2,	Predicted Class: 2,	Sum of LL: -8.860363061251675
Vec #58,	True Class: 1,	Predicted Class: 1,	Sum of LL: 12.40047060091517
Vec #59,	True Class: 2,	Predicted Class: 2,	Sum of LL: -50.401383855189536
Vec #60,	True Class: 2,	Predicted Class: 2,	Sum of LL: -72.55038470744037
Vec #61,	True Class: 1,	Predicted Class: 1,	Sum of LL: 15.676446440002753
Vec #62,	True Class: 2,	Predicted Class: 2,	Sum of LL: -41.76223591240989
Vec #63,	True Class: 2,	Predicted Class: 2,	Sum of LL: -47.10086334491345
Vec #64,	True Class: 1,	Predicted Class: 1,	Sum of LL: 15.246158568900778
Vec #65,	True Class: 2,	Predicted Class: 2,	Sum of LL: -58.84500261197121
Vec #66,	True Class: 2,	Predicted Class: 2,	Sum of LL: -118.67528781034565
Vec #67,	True Class: 2,	Predicted Class: 2,	Sum of LL: -61.35593184218339
Vec #68,	True Class: 2,	Predicted Class: 2,	Sum of LL: -45.41068824560833
Vec #69,	True Class: 2,	Predicted Class: 2,	Sum of LL: -16.219242509619225
Vec #70,	True Class: 2,	Predicted Class: 2,	Sum of LL: -22.70622537703941
Vec #71,	True Class: 2,	Predicted Class: 2,	Sum of LL: -56.07991406742139
Vec #72,	True Class: 2,	Predicted Class: 2,	Sum of LL: -47.21241471935129
Vec #73,	True Class: 2,	Predicted Class: 2,	Sum of LL: -23.35202166384675
Vec #74,	True Class: 2,	Predicted Class: 2,	Sum of LL: -20.080666809143924
Vec #75,	True Class: 2,	Predicted Class: 2,	Sum of LL: -4.924814939560566
Vec #76,	True Class: 2,	Predicted Class: 2,	Sum of LL: -24.139872603874164
Vec #77,	True Class: 2,	Predicted Class: 2,	Sum of LL: -62.33367205803846
Vec #78,	True Class: 2,	Predicted Class: 2,	Sum of LL: -14.9235638647571
Vec #79,	True Class: 2,	Predicted Class: 2,	Sum of LL: -19.533805411432304
Vec #80,	True Class: 2,	Predicted Class: 2,	Sum of LL: -11.12247802974326
Vec #81,	True Class: 2,	Predicted Class: 2,	Sum of LL: -82.42868673328717
Vec #82,	True Class: 2,	Predicted Class: 2,	Sum of LL: -40.18285591444944
Vec #83,	True Class: 1,	Predicted Class: 2,	Sum of LL: -9.587961254153855
Vec #84,	True Class: 2,	Predicted Class: 2,	Sum of LL: -110.04714620362786
Vec #85,	True Class: 2,	Predicted Class: 2,	Sum of LL: -21.56315503620502
Vec #86,	True Class: 2,	Predicted Class: 2,	Sum of LL: -32.862602263162444
Vec #87,	True Class: 1,	Predicted Class: 2,	Sum of LL: -13.152135445271858
Vec #88,	True Class: 2,	Predicted Class: 2,	Sum of LL: -31.94621750262564
Vec #89,	True Class: 2,	Predicted Class: 2,	Sum of LL: -312.11422699154
Vec #90,	True Class: 2,	Predicted Class: 2,	Sum of LL: -153.4497200419227
Vec #91,	True Class: 2,	Predicted Class: 2,	Sum of LL: -12.20000905635541
Vec #92,	True Class: 2,	Predicted Class: 2,	Sum of LL: -27.33265973729791
Vec #93,	True Class: 2,	Predicted Class: 2,	Sum of LL: -89.4640416310559
Vec #94,	True Class: 2,	Predicted Class: 2,	Sum of LL: -14.369969466650694
Vec #95,	True Class: 1,	Predicted Class: 2,	Sum of LL: -4.652624890395761
Vec #96,	True Class: 2,	Predicted Class: 2,	Sum of LL: -23.56191400812752
Vec #97,	True Class: 1,	Predicted Class: 1,	Sum of LL: 20.77992351435768
Vec #98,	True Class: 2,	Predicted Class: 2,	Sum of LL: -37.84187987054304
Vec #99,	True Class: 2,	Predicted Class: 2,	Sum of LL: -34.135875965972886
Vec #100,	True Class: 1,	Predicted Class: 1,	Sum of LL: 20.68334715941537
Vec #101,	True Class: 2,	Predicted Class: 2,	Sum of LL: -11.748618495291685
Vec #102,	True Class: 2,	Predicted Class: 2,	Sum of LL: -26.139852766793062
Vec #103,	True Class: 2,	Predicted Class: 2,	Sum of LL: -14.205404703990272
Vec #104,	True Class: 2,	Predicted Class: 2,	Sum of LL: -35.97115978926947
Vec #105,	True Class: 1,	Predicted Class: 1,	Sum of LL: 14.893554393622157
Vec #106,	True Class: 2,	Predicted Class: 2,	Sum of LL: -53.99858164659399
Vec #107,	True Class: 2,	Predicted Class: 2,	Sum of LL: -18.97252778488424
Vec #108,	True Class: 2,	Predicted Class: 2,	Sum of LL: -11.767705562708613
Vec #109,	True Class: 2,	Predicted Class: 2,	Sum of LL: -101.94902933607594
Vec #110,	True Class: 2,	Predicted Class: 2,	Sum of LL: -93.03159390918434
Vec #111,	True Class: 2,	Predicted Class: 2,	Sum of LL: -33.78503489268151
Vec #112,	True Class: 2,	Predicted Class: 2,	Sum of LL: -21.647431595214915
Vec #113,	True Class: 2,	Predicted Class: 2,	Sum of LL: -37.83682813843499
Vec #114,	True Class: 2,	Predicted Class: 2,	Sum of LL: -164.42415316869463
Vec #115,	True Class: 2,	Predicted Class: 2,	Sum of LL: -27.9916759212492
Vec #116,	True Class: 2,	Predicted Class: 2,	Sum of LL: -58.6555974756732
Vec #117,	True Class: 2,	Predicted Class: 2,	Sum of LL: -84.68470354271295
Vec #118,	True Class: 2,	Predicted Class: 2,	Sum of LL: -86.06197259181921
Vec #119,	True Class: 2,	Predicted Class: 2,	Sum of LL: -16.264163915695384
Vec #120,	True Class: 2,	Predicted Class: 2,	Sum of LL: -12.585198518496057
Vec #121,	True Class: 2,	Predicted Class: 2,	Sum of LL: -32.649289678196176
Vec #122,	True Class: 1,	Predicted Class: 1,	Sum of LL: 46.28004670037921
Vec #123,	True Class: 2,	Predicted Class: 2,	Sum of LL: -56.61988518310903
Vec #124,	True Class: 2,	Predicted Class: 2,	Sum of LL: -148.8480660258795
Vec #125,	True Class: 2,	Predicted Class: 2,	Sum of LL: -49.190116998554956
Vec #126,	True Class: 1,	Predicted Class: 1,	Sum of LL: 45.00418524397926
Vec #127,	True Class: 2,	Predicted Class: 2,	Sum of LL: -63.85271866909971
Vec #128,	True Class: 2,	Predicted Class: 2,	Sum of LL: -47.3985541507702
Vec #129,	True Class: 2,	Predicted Class: 2,	Sum of LL: -34.73533098464405
Vec #130,	True Class: 2,	Predicted Class: 2,	Sum of LL: -70.41506048419059
Vec #131,	True Class: 2,	Predicted Class: 2,	Sum of LL: -36.95376598114009
Vec #132,	True Class: 1,	Predicted Class: 2,	Sum of LL: -3.0953912395366077
Vec #133,	True Class: 2,	Predicted Class: 2,	Sum of LL: -61.069820609322605
Vec #134,	True Class: 2,	Predicted Class: 2,	Sum of LL: -23.45116887259079
Vec #135,	True Class: 2,	Predicted Class: 2,	Sum of LL: -50.11390702959611
Vec #136,	True Class: 2,	Predicted Class: 2,	Sum of LL: -44.8131255902131
Vec #137,	True Class: 2,	Predicted Class: 2,	Sum of LL: -118.1320936253969
Vec #138,	True Class: 2,	Predicted Class: 2,	Sum of LL: -41.29440903892413
Vec #139,	True Class: 2,	Predicted Class: 2,	Sum of LL: -45.107988899279995
Vec #140,	True Class: 2,	Predicted Class: 2,	Sum of LL: -41.43606017985649
Vec #141,	True Class: 2,	Predicted Class: 2,	Sum of LL: -31.06774645454001
Vec #142,	True Class: 2,	Predicted Class: 2,	Sum of LL: -17.20625280124679
Vec #143,	True Class: 2,	Predicted Class: 2,	Sum of LL: -34.203818029767916
Vec #144,	True Class: 2,	Predicted Class: 2,	Sum of LL: -6.889785539495346
Vec #145,	True Class: 2,	Predicted Class: 2,	Sum of LL: -33.19980085696843
Vec #146,	True Class: 2,	Predicted Class: 2,	Sum of LL: -45.733125479504196
Vec #147,	True Class: 2,	Predicted Class: 2,	Sum of LL: -19.714261755801832
Vec #148,	True Class: 2,	Predicted Class: 2,	Sum of LL: -21.522603416154865
Vec #149,	True Class: 1,	Predicted Class: 1,	Sum of LL: 30.399371269086235
Vec #150,	True Class: 2,	Predicted Class: 2,	Sum of LL: -32.081789549332974
Vec #151,	True Class: 2,	Predicted Class: 2,	Sum of LL: -97.21279971778537
Vec #152,	True Class: 2,	Predicted Class: 2,	Sum of LL: -8.0785295741745
Vec #153,	True Class: 2,	Predicted Class: 2,	Sum of LL: -44.15714194856224
Vec #154,	True Class: 2,	Predicted Class: 2,	Sum of LL: -22.184531768338246
Vec #155,	True Class: 2,	Predicted Class: 2,	Sum of LL: -75.06773411905657
Vec #156,	True Class: 2,	Predicted Class: 2,	Sum of LL: -21.526503258098128
Vec #157,	True Class: 2,	Predicted Class: 2,	Sum of LL: -30.55371325475966
Vec #158,	True Class: 2,	Predicted Class: 2,	Sum of LL: -2.9490100172285176
Vec #159,	True Class: 2,	Predicted Class: 2,	Sum of LL: -6.888094614124914
Vec #160,	True Class: 2,	Predicted Class: 2,	Sum of LL: -56.24947795355018
Vec #161,	True Class: 2,	Predicted Class: 2,	Sum of LL: -32.879301713071506
Vec #162,	True Class: 2,	Predicted Class: 2,	Sum of LL: -53.58803578792378
Vec #163,	True Class: 1,	Predicted Class: 1,	Sum of LL: 11.461739606802029
Vec #164,	True Class: 2,	Predicted Class: 2,	Sum of LL: -79.40358029920743
Vec #165,	True Class: 2,	Predicted Class: 2,	Sum of LL: -110.29071963952278
Vec #166,	True Class: 2,	Predicted Class: 2,	Sum of LL: -45.519815508297306
Vec #167,	True Class: 2,	Predicted Class: 2,	Sum of LL: -19.665485687969216
Vec #168,	True Class: 2,	Predicted Class: 2,	Sum of LL: -13.666276580117144
Vec #169,	True Class: 2,	Predicted Class: 2,	Sum of LL: -45.86927101738936
Vec #170,	True Class: 2,	Predicted Class: 2,	Sum of LL: -23.130836288821282
Vec #171,	True Class: 2,	Predicted Class: 2,	Sum of LL: -10.605349588833853
Vec #172,	True Class: 2,	Predicted Class: 2,	Sum of LL: -10.702251418471281
Vec #173,	True Class: 2,	Predicted Class: 2,	Sum of LL: -4.189654742026425
Vec #174,	True Class: 1,	Predicted Class: 1,	Sum of LL: 30.522484057057795
Vec #175,	True Class: 1,	Predicted Class: 1,	Sum of LL: 2.7018412784667554
Vec #176,	True Class: 2,	Predicted Class: 2,	Sum of LL: -19.37929435648142
Vec #177,	True Class: 2,	Predicted Class: 2,	Sum of LL: -58.157925509507706
Vec #178,	True Class: 2,	Predicted Class: 2,	Sum of LL: -19.043106230950688
Vec #179,	True Class: 2,	Predicted Class: 2,	Sum of LL: -33.33373468804673
Vec #180,	True Class: 2,	Predicted Class: 2,	Sum of LL: -111.64942267135491
Vec #181,	True Class: 1,	Predicted Class: 1,	Sum of LL: 28.68293579044069
Vec #182,	True Class: 2,	Predicted Class: 2,	Sum of LL: -64.41165827871994
Vec #183,	True Class: 2,	Predicted Class: 2,	Sum of LL: -57.33591643743529
Vec #184,	True Class: 2,	Predicted Class: 2,	Sum of LL: -21.402123971986295
Vec #185,	True Class: 1,	Predicted Class: 1,	Sum of LL: 9.450046026222081
Vec #186,	True Class: 1,	Predicted Class: 1,	Sum of LL: 46.28004670037921
Vec #187,	True Class: 2,	Predicted Class: 2,	Sum of LL: -8.88278366046565
Vec #188,	True Class: 2,	Predicted Class: 2,	Sum of LL: -19.155249305764443
Vec #189,	True Class: 2,	Predicted Class: 2,	Sum of LL: -47.45396997720331
Vec #190,	True Class: 1,	Predicted Class: 1,	Sum of LL: 23.826775589841986
Vec #191,	True Class: 2,	Predicted Class: 2,	Sum of LL: -50.96521121713299
Vec #192,	True Class: 2,	Predicted Class: 2,	Sum of LL: -80.1356069170678
Vec #193,	True Class: 2,	Predicted Class: 2,	Sum of LL: -12.945295278019021
Vec #194,	True Class: 2,	Predicted Class: 2,	Sum of LL: -153.32614448214957
Vec #195,	True Class: 2,	Predicted Class: 2,	Sum of LL: -44.74230827627883
Vec #196,	True Class: 2,	Predicted Class: 2,	Sum of LL: -14.16432334401339
Vec #197,	True Class: 2,	Predicted Class: 2,	Sum of LL: -6.676473347651524
Vec #198,	True Class: 2,	Predicted Class: 2,	Sum of LL: -11.06197731922129
Vec #199,	True Class: 1,	Predicted Class: 1,	Sum of LL: 5.998490750986318
Vec #200,	True Class: 2,	Predicted Class: 2,	Sum of LL: -38.13017433159549
Vec #201,	True Class: 2,	Predicted Class: 2,	Sum of LL: -24.677257255337746
Vec #202,	True Class: 2,	Predicted Class: 2,	Sum of LL: -40.135097225574924
Vec #203,	True Class: 2,	Predicted Class: 2,	Sum of LL: -18.540926788201137
Vec #204,	True Class: 2,	Predicted Class: 2,	Sum of LL: -34.016460240586284
Vec #205,	True Class: 2,	Predicted Class: 2,	Sum of LL: -19.243182790131012
Vec #206,	True Class: 2,	Predicted Class: 2,	Sum of LL: -42.90935240186965
Vec #207,	True Class: 2,	Predicted Class: 2,	Sum of LL: -34.160142779434764
Vec #208,	True Class: 2,	Predicted Class: 2,	Sum of LL: -27.52634279981858
Vec #209,	True Class: 2,	Predicted Class: 2,	Sum of LL: -30.870610472642166
Vec #210,	True Class: 2,	Predicted Class: 2,	Sum of LL: -68.32720997467051
Vec #211,	True Class: 2,	Predicted Class: 2,	Sum of LL: -46.614045292458684
Vec #212,	True Class: 2,	Predicted Class: 2,	Sum of LL: -33.738989427765965
Vec #213,	True Class: 1,	Predicted Class: 1,	Sum of LL: 53.729699570844225
Vec #214,	True Class: 2,	Predicted Class: 2,	Sum of LL: -25.209652907056892
Vec #215,	True Class: 2,	Predicted Class: 2,	Sum of LL: -22.44162214107753
Vec #216,	True Class: 2,	Predicted Class: 2,	Sum of LL: -81.55562648691615
Vec #217,	True Class: 1,	Predicted Class: 1,	Sum of LL: 12.531180274129232
Vec #218,	True Class: 2,	Predicted Class: 2,	Sum of LL: -28.955097983004535
Vec #219,	True Class: 2,	Predicted Class: 2,	Sum of LL: -19.25767517957227
Vec #220,	True Class: 2,	Predicted Class: 2,	Sum of LL: -44.69281345705519
Vec #221,	True Class: 2,	Predicted Class: 2,	Sum of LL: -72.10670245718119
Vec #222,	True Class: 1,	Predicted Class: 2,	Sum of LL: -3.931385462988982
Vec #223,	True Class: 2,	Predicted Class: 2,	Sum of LL: -21.28931071771582
Vec #224,	True Class: 2,	Predicted Class: 2,	Sum of LL: -25.58554451944808
Vec #225,	True Class: 2,	Predicted Class: 2,	Sum of LL: -45.06934669081328
Vec #226,	True Class: 2,	Predicted Class: 2,	Sum of LL: -14.127819736048185
Vec #227,	True Class: 2,	Predicted Class: 2,	Sum of LL: -19.67033259139491
Vec #228,	True Class: 2,	Predicted Class: 2,	Sum of LL: -82.72610418435733
Vec #229,	True Class: 2,	Predicted Class: 2,	Sum of LL: -29.328768003449817
Vec #230,	True Class: 2,	Predicted Class: 2,	Sum of LL: -34.43304474027171
Vec #231,	True Class: 2,	Predicted Class: 2,	Sum of LL: -76.92330965523126
Vec #232,	True Class: 2,	Predicted Class: 2,	Sum of LL: -50.401383855189536
Vec #233,	True Class: 2,	Predicted Class: 2,	Sum of LL: -25.319685677316706
Vec #234,	True Class: 2,	Predicted Class: 2,	Sum of LL: -37.329885067711615
Vec #235,	True Class: 1,	Predicted Class: 1,	Sum of LL: 40.20280752283721
Vec #236,	True Class: 2,	Predicted Class: 2,	Sum of LL: -51.414050975287786
Vec #237,	True Class: 2,	Predicted Class: 2,	Sum of LL: -34.535863474461586
Vec #238,	True Class: 2,	Predicted Class: 2,	Sum of LL: -29.47615278014141
Vec #239,	True Class: 2,	Predicted Class: 2,	Sum of LL: -22.45367600511431
Vec #240,	True Class: 2,	Predicted Class: 2,	Sum of LL: -23.140462072392758
Vec #241,	True Class: 2,	Predicted Class: 2,	Sum of LL: -20.685148938869318
Vec #242,	True Class: 2,	Predicted Class: 2,	Sum of LL: -52.502892774187295
Vec #243,	True Class: 2,	Predicted Class: 2,	Sum of LL: -15.524373007074654
Vec #244,	True Class: 2,	Predicted Class: 2,	Sum of LL: -42.0789496499279
Vec #245,	True Class: 2,	Predicted Class: 2,	Sum of LL: -95.41744838699177
Vec #246,	True Class: 2,	Predicted Class: 2,	Sum of LL: -27.676075486939855
Vec #247,	True Class: 2,	Predicted Class: 2,	Sum of LL: -15.62094956923029
Vec #248,	True Class: 2,	Predicted Class: 2,	Sum of LL: -42.279368795540066
Vec #249,	True Class: 2,	Predicted Class: 2,	Sum of LL: -260.9605406117407
Vec #250,	True Class: 2,	Predicted Class: 2,	Sum of LL: -7.817222785508166
Vec #251,	True Class: 2,	Predicted Class: 2,	Sum of LL: -56.778065389488795
Vec #252,	True Class: 2,	Predicted Class: 2,	Sum of LL: -38.3694304245419
Vec #253,	True Class: 2,	Predicted Class: 2,	Sum of LL: -30.878708051408545
Vec #254,	True Class: 1,	Predicted Class: 1,	Sum of LL: 3.0147328307294035
Vec #255,	True Class: 2,	Predicted Class: 2,	Sum of LL: -33.054768159168205
Vec #256,	True Class: 2,	Predicted Class: 2,	Sum of LL: -29.71895890704028
Vec #257,	True Class: 2,	Predicted Class: 2,	Sum of LL: -84.6244225040539
Vec #258,	True Class: 2,	Predicted Class: 2,	Sum of LL: -33.357350795694565
Vec #259,	True Class: 2,	Predicted Class: 2,	Sum of LL: -52.118050433988564
Vec #260,	True Class: 2,	Predicted Class: 2,	Sum of LL: -23.286782379303705
Vec #261,	True Class: 2,	Predicted Class: 2,	Sum of LL: -60.059846455529794
Vec #262,	True Class: 2,	Predicted Class: 2,	Sum of LL: -104.62809013005223
Vec #263,	True Class: 1,	Predicted Class: 1,	Sum of LL: 48.57197433848109
Vec #264,	True Class: 2,	Predicted Class: 2,	Sum of LL: -85.85911495089094
Vec #265,	True Class: 2,	Predicted Class: 2,	Sum of LL: -48.72782119363701
Vec #266,	True Class: 2,	Predicted Class: 2,	Sum of LL: -31.383656516117743
Vec #267,	True Class: 2,	Predicted Class: 2,	Sum of LL: -23.42660235849763
Vec #268,	True Class: 2,	Predicted Class: 2,	Sum of LL: -17.03241561358265
Vec #269,	True Class: 2,	Predicted Class: 2,	Sum of LL: -16.260084379285082
Vec #270,	True Class: 1,	Predicted Class: 1,	Sum of LL: 29.616889742391454
Vec #271,	True Class: 2,	Predicted Class: 2,	Sum of LL: -29.537213853709474
Vec #272,	True Class: 2,	Predicted Class: 2,	Sum of LL: -78.05663989569081
Vec #273,	True Class: 2,	Predicted Class: 2,	Sum of LL: -79.28162480287182
Vec #274,	True Class: 2,	Predicted Class: 2,	Sum of LL: -32.86719780265451
Vec #275,	True Class: 2,	Predicted Class: 2,	Sum of LL: -9.846700780887607
Vec #276,	True Class: 2,	Predicted Class: 2,	Sum of LL: -31.637990054550936
Vec #277,	True Class: 1,	Predicted Class: 1,	Sum of LL: 53.043450413512566
Vec #278,	True Class: 2,	Predicted Class: 2,	Sum of LL: -17.762608678489542
Vec #279,	True Class: 1,	Predicted Class: 1,	Sum of LL: 43.345636764388765
Vec #280,	True Class: 2,	Predicted Class: 2,	Sum of LL: -36.29541374049193
Vec #281,	True Class: 2,	Predicted Class: 2,	Sum of LL: -21.695414884853186
Vec #282,	True Class: 2,	Predicted Class: 2,	Sum of LL: -60.53151459939314
Vec #283,	True Class: 2,	Predicted Class: 2,	Sum of LL: -23.338683674421713
Vec #284,	True Class: 2,	Predicted Class: 2,	Sum of LL: -27.304526182576023
Vec #285,	True Class: 2,	Predicted Class: 2,	Sum of LL: -20.44923897591211
Vec #286,	True Class: 2,	Predicted Class: 2,	Sum of LL: -28.920321071787374
Vec #287,	True Class: 2,	Predicted Class: 2,	Sum of LL: -66.8460770196834
Vec #288,	True Class: 2,	Predicted Class: 2,	Sum of LL: -65.2790099691554
Vec #289,	True Class: 2,	Predicted Class: 2,	Sum of LL: -94.36152524276149
Vec #290,	True Class: 2,	Predicted Class: 2,	Sum of LL: -25.328496511755024
Vec #291,	True Class: 2,	Predicted Class: 2,	Sum of LL: -24.176328544747175
Vec #292,	True Class: 2,	Predicted Class: 2,	Sum of LL: -16.69553802623321
Vec #293,	True Class: 2,	Predicted Class: 2,	Sum of LL: -106.56500292826485
Vec #294,	True Class: 2,	Predicted Class: 2,	Sum of LL: -43.745600708850624
Vec #295,	True Class: 2,	Predicted Class: 2,	Sum of LL: -24.366053826794776
Vec #296,	True Class: 2,	Predicted Class: 2,	Sum of LL: -82.13991870272955
Vec #297,	True Class: 2,	Predicted Class: 2,	Sum of LL: -75.75952506560893
Vec #298,	True Class: 2,	Predicted Class: 2,	Sum of LL: -31.150125863593754
Vec #299,	True Class: 1,	Predicted Class: 1,	Sum of LL: 47.31715316909566
Vec #300,	True Class: 2,	Predicted Class: 2,	Sum of LL: -15.753873859763111
Vec #301,	True Class: 2,	Predicted Class: 2,	Sum of LL: -24.925364781845516
Vec #302,	True Class: 2,	Predicted Class: 2,	Sum of LL: -72.17809670790088
Vec #303,	True Class: 2,	Predicted Class: 2,	Sum of LL: -98.95527036528708
Vec #304,	True Class: 2,	Predicted Class: 2,	Sum of LL: -4.592974573945634
Vec #305,	True Class: 2,	Predicted Class: 2,	Sum of LL: -34.80318001603515
Vec #306,	True Class: 2,	Predicted Class: 2,	Sum of LL: -61.501146780389185
Vec #307,	True Class: 2,	Predicted Class: 2,	Sum of LL: -21.907720333561205
Vec #308,	True Class: 2,	Predicted Class: 2,	Sum of LL: -12.544355593863845
Vec #309,	True Class: 2,	Predicted Class: 2,	Sum of LL: -33.915271385865466
Vec #310,	True Class: 2,	Predicted Class: 2,	Sum of LL: -111.80843940341299
Vec #311,	True Class: 2,	Predicted Class: 2,	Sum of LL: -18.79910817945871
Vec #312,	True Class: 2,	Predicted Class: 2,	Sum of LL: -11.52703042660501
Vec #313,	True Class: 2,	Predicted Class: 2,	Sum of LL: -14.472991235693684
Vec #314,	True Class: 2,	Predicted Class: 2,	Sum of LL: -10.729395685518218
Vec #315,	True Class: 2,	Predicted Class: 2,	Sum of LL: -19.04310164409649
Vec #316,	True Class: 2,	Predicted Class: 2,	Sum of LL: -29.64310279496364
Vec #317,	True Class: 2,	Predicted Class: 2,	Sum of LL: -21.33364397296114
Vec #318,	True Class: 2,	Predicted Class: 2,	Sum of LL: -68.7340058740646
Vec #319,	True Class: 2,	Predicted Class: 2,	Sum of LL: -9.837842170915646
Vec #320,	True Class: 2,	Predicted Class: 2,	Sum of LL: -137.3241326728303
Vec #321,	True Class: 2,	Predicted Class: 2,	Sum of LL: -76.5766354626146
Vec #322,	True Class: 2,	Predicted Class: 2,	Sum of LL: -56.87140497236612
Vec #323,	True Class: 2,	Predicted Class: 2,	Sum of LL: -23.25943029540881
Vec #324,	True Class: 2,	Predicted Class: 2,	Sum of LL: -21.890153968477794
Vec #325,	True Class: 2,	Predicted Class: 2,	Sum of LL: -27.967178693167092
Vec #326,	True Class: 2,	Predicted Class: 2,	Sum of LL: -21.503330672053206
Vec #327,	True Class: 1,	Predicted Class: 1,	Sum of LL: 19.44197812228811
Vec #328,	True Class: 2,	Predicted Class: 2,	Sum of LL: -30.622892116343948
Vec #329,	True Class: 2,	Predicted Class: 2,	Sum of LL: -19.89577747137545
Vec #330,	True Class: 2,	Predicted Class: 2,	Sum of LL: -19.92589986938692
Vec #331,	True Class: 2,	Predicted Class: 2,	Sum of LL: -86.9219847793289
Vec #332,	True Class: 2,	Predicted Class: 2,	Sum of LL: -85.26414945840446
Vec #333,	True Class: 2,	Predicted Class: 2,	Sum of LL: -32.01836601111269
Vec #334,	True Class: 2,	Predicted Class: 2,	Sum of LL: -17.47101556403135
Vec #335,	True Class: 2,	Predicted Class: 2,	Sum of LL: -24.00427076868312
Vec #336,	True Class: 2,	Predicted Class: 2,	Sum of LL: -55.74810955587354
Vec #337,	True Class: 2,	Predicted Class: 2,	Sum of LL: -22.585057136780023
Vec #338,	True Class: 2,	Predicted Class: 2,	Sum of LL: -70.56560277240092
Vec #339,	True Class: 2,	Predicted Class: 2,	Sum of LL: -91.12131839617292
Vec #340,	True Class: 2,	Predicted Class: 2,	Sum of LL: -90.56519065637958
Vec #341,	True Class: 2,	Predicted Class: 2,	Sum of LL: -22.466607672098924
Vec #342,	True Class: 2,	Predicted Class: 2,	Sum of LL: -6.398594934535208
Vec #343,	True Class: 2,	Predicted Class: 2,	Sum of LL: -62.32378367140566
Vec #344,	True Class: 2,	Predicted Class: 2,	Sum of LL: -94.36276840664557
Vec #345,	True Class: 2,	Predicted Class: 2,	Sum of LL: -31.908816947565526
Vec #346,	True Class: 2,	Predicted Class: 2,	Sum of LL: -16.78416488763993
Vec #347,	True Class: 2,	Predicted Class: 2,	Sum of LL: -39.291621820060016
Vec #348,	True Class: 2,	Predicted Class: 2,	Sum of LL: -22.91189533037793
Vec #349,	True Class: 1,	Predicted Class: 1,	Sum of LL: 3.6615465902748
Vec #350,	True Class: 1,	Predicted Class: 1,	Sum of LL: 19.978202622935584
Vec #351,	True Class: 1,	Predicted Class: 1,	Sum of LL: 12.308533463108335
Vec #352,	True Class: 2,	Predicted Class: 2,	Sum of LL: -73.39518765866914
Vec #353,	True Class: 1,	Predicted Class: 1,	Sum of LL: 5.798034139893018
Vec #354,	True Class: 2,	Predicted Class: 2,	Sum of LL: -60.03416198946094
Vec #355,	True Class: 1,	Predicted Class: 2,	Sum of LL: -62.50505070738943
Vec #356,	True Class: 2,	Predicted Class: 2,	Sum of LL: -28.390689056820744
Vec #357,	True Class: 2,	Predicted Class: 2,	Sum of LL: -34.330908849764775
Vec #358,	True Class: 2,	Predicted Class: 2,	Sum of LL: -36.046536190966094
Vec #359,	True Class: 2,	Predicted Class: 2,	Sum of LL: -110.6157115084197
Vec #360,	True Class: 2,	Predicted Class: 2,	Sum of LL: -29.896094305983855
Vec #361,	True Class: 2,	Predicted Class: 2,	Sum of LL: -71.04978418903846
Vec #362,	True Class: 1,	Predicted Class: 2,	Sum of LL: -1.9425508700961267
Vec #363,	True Class: 1,	Predicted Class: 1,	Sum of LL: 19.305022392193536
Vec #364,	True Class: 2,	Predicted Class: 2,	Sum of LL: -32.00560171648757
Vec #365,	True Class: 2,	Predicted Class: 2,	Sum of LL: -24.54877624584238
Vec #366,	True Class: 1,	Predicted Class: 2,	Sum of LL: -2.8429688889931213
Vec #367,	True Class: 2,	Predicted Class: 2,	Sum of LL: -67.08092445874155
Vec #368,	True Class: 2,	Predicted Class: 2,	Sum of LL: -26.2743940279889
Vec #369,	True Class: 2,	Predicted Class: 2,	Sum of LL: -75.34422590233284
Vec #370,	True Class: 2,	Predicted Class: 2,	Sum of LL: -59.48450823261534
Vec #371,	True Class: 2,	Predicted Class: 2,	Sum of LL: -14.597831040398498
Vec #372,	True Class: 2,	Predicted Class: 2,	Sum of LL: -78.40934999151044
Vec #373,	True Class: 2,	Predicted Class: 2,	Sum of LL: -23.101248037216607
Vec #374,	True Class: 2,	Predicted Class: 2,	Sum of LL: -27.51601304116422
Vec #375,	True Class: 2,	Predicted Class: 2,	Sum of LL: -16.68430396890689
Vec #376,	True Class: 2,	Predicted Class: 2,	Sum of LL: -11.803333880859114
Vec #377,	True Class: 2,	Predicted Class: 2,	Sum of LL: -28.98580459096771
Vec #378,	True Class: 2,	Predicted Class: 2,	Sum of LL: -59.82935774021436
Vec #379,	True Class: 2,	Predicted Class: 2,	Sum of LL: -25.648957140600636
Vec #380,	True Class: 2,	Predicted Class: 2,	Sum of LL: -48.36989047572098
Vec #381,	True Class: 2,	Predicted Class: 2,	Sum of LL: -14.445020984908044
Vec #382,	True Class: 2,	Predicted Class: 2,	Sum of LL: -6.949683546602495
Vec #383,	True Class: 2,	Predicted Class: 2,	Sum of LL: -32.02145459856913
Vec #384,	True Class: 2,	Predicted Class: 2,	Sum of LL: -21.587175090942974
Vec #385,	True Class: 2,	Predicted Class: 2,	Sum of LL: -92.74587716132955
Vec #386,	True Class: 2,	Predicted Class: 2,	Sum of LL: -54.28995022395084
Vec #387,	True Class: 2,	Predicted Class: 2,	Sum of LL: -83.17933952428913
Vec #388,	True Class: 2,	Predicted Class: 2,	Sum of LL: -38.73402005611239
Vec #389,	True Class: 2,	Predicted Class: 2,	Sum of LL: -53.49407031746758
Vec #390,	True Class: 2,	Predicted Class: 2,	Sum of LL: -18.55729522078215
Vec #391,	True Class: 2,	Predicted Class: 2,	Sum of LL: -25.120934998811798
Vec #392,	True Class: 2,	Predicted Class: 2,	Sum of LL: -153.7089964994368
Vec #393,	True Class: 2,	Predicted Class: 2,	Sum of LL: -21.75189884010763
Vec #394,	True Class: 2,	Predicted Class: 2,	Sum of LL: -19.12506303361593
Vec #395,	True Class: 2,	Predicted Class: 2,	Sum of LL: -47.30459431176329
Vec #396,	True Class: 2,	Predicted Class: 2,	Sum of LL: -42.67363293405475
Vec #397,	True Class: 2,	Predicted Class: 2,	Sum of LL: -29.450742431842126
Vec #398,	True Class: 2,	Predicted Class: 2,	Sum of LL: -43.077970742042375
Vec #399,	True Class: 2,	Predicted Class: 2,	Sum of LL: -1.791759469228055
Vec #400,	True Class: 2,	Predicted Class: 2,	Sum of LL: -43.2622945735552
Vec #401,	True Class: 2,	Predicted Class: 2,	Sum of LL: -51.60043584407035
Vec #402,	True Class: 2,	Predicted Class: 2,	Sum of LL: -23.091756549349743
Vec #403,	True Class: 2,	Predicted Class: 2,	Sum of LL: -50.336462915038666
Vec #404,	True Class: 2,	Predicted Class: 2,	Sum of LL: -85.47046195768921
Vec #405,	True Class: 2,	Predicted Class: 2,	Sum of LL: -21.559950264927757
Vec #406,	True Class: 2,	Predicted Class: 2,	Sum of LL: -19.412157908583964
Vec #407,	True Class: 2,	Predicted Class: 2,	Sum of LL: -46.581800796678806
Vec #408,	True Class: 2,	Predicted Class: 2,	Sum of LL: -19.37929435648142
Vec #409,	True Class: 2,	Predicted Class: 2,	Sum of LL: -78.36955702244525
Vec #410,	True Class: 2,	Predicted Class: 2,	Sum of LL: -21.860408307470575
Vec #411,	True Class: 2,	Predicted Class: 2,	Sum of LL: -28.6583661775027
Vec #412,	True Class: 1,	Predicted Class: 2,	Sum of LL: -18.381597957886616
Vec #413,	True Class: 2,	Predicted Class: 2,	Sum of LL: -17.602860611453302
Vec #414,	True Class: 2,	Predicted Class: 2,	Sum of LL: -60.858537723553916
Vec #415,	True Class: 2,	Predicted Class: 2,	Sum of LL: -52.70915440350597
Vec #416,	True Class: 2,	Predicted Class: 2,	Sum of LL: -20.5731810540555
Vec #417,	True Class: 2,	Predicted Class: 2,	Sum of LL: -13.418576572959227
Vec #418,	True Class: 2,	Predicted Class: 2,	Sum of LL: -28.99776628100615
Vec #419,	True Class: 2,	Predicted Class: 2,	Sum of LL: -26.545137046693878
Vec #420,	True Class: 2,	Predicted Class: 2,	Sum of LL: -30.834691351784077
Vec #421,	True Class: 2,	Predicted Class: 2,	Sum of LL: -8.558816978394441
Vec #422,	True Class: 2,	Predicted Class: 2,	Sum of LL: -11.191986818403931
Vec #423,	True Class: 2,	Predicted Class: 2,	Sum of LL: -13.97375589914252
Vec #424,	True Class: 2,	Predicted Class: 2,	Sum of LL: -34.37548464238667
Vec #425,	True Class: 2,	Predicted Class: 2,	Sum of LL: -20.470911070881648
Vec #426,	True Class: 2,	Predicted Class: 2,	Sum of LL: -44.35942190804573
Vec #427,	True Class: 2,	Predicted Class: 2,	Sum of LL: -78.44093395726257
Vec #428,	True Class: 1,	Predicted Class: 2,	Sum of LL: -10.263975014941064
Vec #429,	True Class: 2,	Predicted Class: 2,	Sum of LL: -49.055396677878406
Vec #430,	True Class: 2,	Predicted Class: 2,	Sum of LL: -49.74274946087753
Vec #431,	True Class: 2,	Predicted Class: 2,	Sum of LL: -57.423747088263674
Vec #432,	True Class: 2,	Predicted Class: 2,	Sum of LL: -18.393981410672748
Vec #433,	True Class: 2,	Predicted Class: 2,	Sum of LL: -33.257052742807296
Vec #434,	True Class: 1,	Predicted Class: 2,	Sum of LL: -12.084624986422906
Vec #435,	True Class: 2,	Predicted Class: 2,	Sum of LL: -11.101709421134501
Vec #436,	True Class: 2,	Predicted Class: 2,	Sum of LL: -96.11890374379001
Vec #437,	True Class: 2,	Predicted Class: 2,	Sum of LL: -24.381446003670607
Vec #438,	True Class: 2,	Predicted Class: 2,	Sum of LL: -6.828348714004816
Vec #439,	True Class: 2,	Predicted Class: 2,	Sum of LL: -21.924144065260258
Vec #440,	True Class: 2,	Predicted Class: 2,	Sum of LL: -46.63501747099164
Vec #441,	True Class: 1,	Predicted Class: 2,	Sum of LL: -17.034216067126973
Vec #442,	True Class: 2,	Predicted Class: 2,	Sum of LL: -20.429923706720782
Vec #443,	True Class: 2,	Predicted Class: 2,	Sum of LL: -19.37929435648142
Vec #444,	True Class: 2,	Predicted Class: 2,	Sum of LL: -93.43698251052845
Vec #445,	True Class: 1,	Predicted Class: 1,	Sum of LL: 23.775655787911674
Vec #446,	True Class: 2,	Predicted Class: 2,	Sum of LL: -56.361898017418476
Vec #447,	True Class: 1,	Predicted Class: 1,	Sum of LL: 3.224971768046343
Vec #448,	True Class: 2,	Predicted Class: 2,	Sum of LL: -7.724289747266197
Vec #449,	True Class: 2,	Predicted Class: 2,	Sum of LL: -25.184914355691383
Vec #450,	True Class: 2,	Predicted Class: 2,	Sum of LL: -53.97279617172659
Vec #451,	True Class: 1,	Predicted Class: 2,	Sum of LL: -2.182253334837945
Vec #452,	True Class: 1,	Predicted Class: 2,	Sum of LL: -3.0953912395366077
Vec #453,	True Class: 1,	Predicted Class: 1,	Sum of LL: 27.955260815362294
Vec #454,	True Class: 2,	Predicted Class: 2,	Sum of LL: -14.340441071141257
Vec #455,	True Class: 2,	Predicted Class: 2,	Sum of LL: -12.482943147711659
Vec #456,	True Class: 2,	Predicted Class: 2,	Sum of LL: -5.225746673713202
Vec #457,	True Class: 2,	Predicted Class: 2,	Sum of LL: -60.651321676531204
Vec #458,	True Class: 2,	Predicted Class: 2,	Sum of LL: -31.301291246141
Vec #459,	True Class: 2,	Predicted Class: 2,	Sum of LL: -71.03644222261259
Vec #460,	True Class: 2,	Predicted Class: 2,	Sum of LL: -16.13630676693886
Vec #461,	True Class: 2,	Predicted Class: 2,	Sum of LL: -37.44418736818294
Vec #462,	True Class: 2,	Predicted Class: 2,	Sum of LL: -30.689288025034603
Vec #463,	True Class: 2,	Predicted Class: 2,	Sum of LL: -42.318025231821366
Vec #464,	True Class: 2,	Predicted Class: 2,	Sum of LL: -30.985973435529562
Vec #465,	True Class: 2,	Predicted Class: 2,	Sum of LL: -17.080135910842376
Vec #466,	True Class: 2,	Predicted Class: 2,	Sum of LL: -19.62583223095666
Vec #467,	True Class: 1,	Predicted Class: 1,	Sum of LL: 44.02679055238367
Vec #468,	True Class: 2,	Predicted Class: 2,	Sum of LL: -41.03521559844062
Vec #469,	True Class: 2,	Predicted Class: 2,	Sum of LL: -80.19119796176638
Vec #470,	True Class: 2,	Predicted Class: 2,	Sum of LL: -70.68722287091184
Vec #471,	True Class: 2,	Predicted Class: 2,	Sum of LL: -9.69747639996222
Vec #472,	True Class: 1,	Predicted Class: 1,	Sum of LL: 4.848091801841212
Vec #473,	True Class: 2,	Predicted Class: 2,	Sum of LL: -16.361363293683056
Vec #474,	True Class: 2,	Predicted Class: 2,	Sum of LL: -34.03418478176224
Vec #475,	True Class: 2,	Predicted Class: 2,	Sum of LL: -16.361363293683056
Vec #476,	True Class: 2,	Predicted Class: 2,	Sum of LL: -55.89751736949692
Vec #477,	True Class: 1,	Predicted Class: 2,	Sum of LL: -14.93004982276128
Vec #478,	True Class: 2,	Predicted Class: 2,	Sum of LL: -43.940279854115495
Vec #479,	True Class: 2,	Predicted Class: 2,	Sum of LL: -105.97691810300469
Vec #480,	True Class: 2,	Predicted Class: 2,	Sum of LL: -97.2166191392628
Vec #481,	True Class: 2,	Predicted Class: 2,	Sum of LL: -44.628201358415865
Vec #482,	True Class: 1,	Predicted Class: 1,	Sum of LL: 19.9147516926344
Vec #483,	True Class: 2,	Predicted Class: 2,	Sum of LL: -42.71104668428454
Vec #484,	True Class: 2,	Predicted Class: 2,	Sum of LL: -16.557694071491547
Vec #485,	True Class: 2,	Predicted Class: 2,	Sum of LL: -101.14194976891996
Vec #486,	True Class: 1,	Predicted Class: 1,	Sum of LL: 47.47872382825116
Vec #487,	True Class: 2,	Predicted Class: 2,	Sum of LL: -11.952757842273181
Vec #488,	True Class: 2,	Predicted Class: 2,	Sum of LL: -27.163529944603425
Vec #489,	True Class: 2,	Predicted Class: 2,	Sum of LL: -50.9187651524712
Vec #490,	True Class: 2,	Predicted Class: 2,	Sum of LL: -86.05977247747231
Vec #491,	True Class: 2,	Predicted Class: 2,	Sum of LL: -83.71479369940283
Vec #492,	True Class: 2,	Predicted Class: 2,	Sum of LL: -21.756505815234647
Vec #493,	True Class: 2,	Predicted Class: 2,	Sum of LL: -35.33178565507274
Vec #494,	True Class: 2,	Predicted Class: 2,	Sum of LL: -41.102310766791014
Vec #495,	True Class: 2,	Predicted Class: 2,	Sum of LL: -17.06517707573011
Vec #496,	True Class: 2,	Predicted Class: 2,	Sum of LL: -24.166844070609553
Vec #497,	True Class: 2,	Predicted Class: 2,	Sum of LL: -16.244476747631037
Vec #498,	True Class: 2,	Predicted Class: 2,	Sum of LL: -100.0519584979529
Vec #499,	True Class: 2,	Predicted Class: 2,	Sum of LL: -39.24560794033468
Vec #500,	True Class: 2,	Predicted Class: 2,	Sum of LL: -162.38398591334663
Vec #501,	True Class: 2,	Predicted Class: 2,	Sum of LL: -117.27600060478898
Vec #502,	True Class: 2,	Predicted Class: 2,	Sum of LL: -109.70587056825151
Vec #503,	True Class: 2,	Predicted Class: 2,	Sum of LL: -78.08329631605494
Vec #504,	True Class: 2,	Predicted Class: 2,	Sum of LL: -21.493010410036806
Vec #505,	True Class: 2,	Predicted Class: 2,	Sum of LL: -19.686359034598006
Vec #506,	True Class: 2,	Predicted Class: 2,	Sum of LL: -11.059675761585687
Vec #507,	True Class: 2,	Predicted Class: 2,	Sum of LL: -23.472191690236443
Vec #508,	True Class: 2,	Predicted Class: 2,	Sum of LL: -8.974101523448617
Vec #509,	True Class: 1,	Predicted Class: 1,	Sum of LL: 36.42007053789139
Vec #510,	True Class: 2,	Predicted Class: 2,	Sum of LL: -64.58159439374427
Vec #511,	True Class: 1,	Predicted Class: 1,	Sum of LL: 38.67725934686988
Vec #512,	True Class: 2,	Predicted Class: 2,	Sum of LL: -31.481987453306022
Vec #513,	True Class: 2,	Predicted Class: 2,	Sum of LL: -17.415719021411995
Vec #514,	True Class: 2,	Predicted Class: 2,	Sum of LL: -15.373741723239624
Vec #515,	True Class: 2,	Predicted Class: 2,	Sum of LL: -46.731065042331565
Vec #516,	True Class: 2,	Predicted Class: 2,	Sum of LL: -26.448503582887216
Vec #517,	True Class: 2,	Predicted Class: 2,	Sum of LL: -13.906176490303471
Vec #518,	True Class: 2,	Predicted Class: 2,	Sum of LL: -47.02043633795188
Vec #519,	True Class: 2,	Predicted Class: 2,	Sum of LL: -12.982076969207759
Vec #520,	True Class: 2,	Predicted Class: 2,	Sum of LL: -153.32614448214957
Vec #521,	True Class: 2,	Predicted Class: 2,	Sum of LL: -44.317008011699464
Vec #522,	True Class: 1,	Predicted Class: 1,	Sum of LL: 9.373306474344114
Vec #523,	True Class: 2,	Predicted Class: 2,	Sum of LL: -95.21482254795283
Vec #524,	True Class: 2,	Predicted Class: 2,	Sum of LL: -14.238559289081001
Vec #525,	True Class: 1,	Predicted Class: 2,	Sum of LL: -23.352087801415944
Vec #526,	True Class: 2,	Predicted Class: 2,	Sum of LL: -22.458553745920202
Vec #527,	True Class: 2,	Predicted Class: 2,	Sum of LL: -15.776966159223779
Vec #528,	True Class: 2,	Predicted Class: 2,	Sum of LL: -24.69935240695927
Vec #529,	True Class: 2,	Predicted Class: 2,	Sum of LL: -94.2976496282173
Vec #530,	True Class: 2,	Predicted Class: 2,	Sum of LL: -18.67787901175959
Vec #531,	True Class: 2,	Predicted Class: 2,	Sum of LL: -15.66399329508169
Vec #532,	True Class: 1,	Predicted Class: 1,	Sum of LL: 23.946615557862646
Vec #533,	True Class: 2,	Predicted Class: 2,	Sum of LL: -24.703598247601253
Vec #534,	True Class: 2,	Predicted Class: 2,	Sum of LL: -31.90901596546221
Vec #535,	True Class: 2,	Predicted Class: 2,	Sum of LL: -29.740306312218326
Vec #536,	True Class: 2,	Predicted Class: 2,	Sum of LL: -29.529240547944976
Vec #537,	True Class: 2,	Predicted Class: 2,	Sum of LL: -41.598627015619876
Vec #538,	True Class: 2,	Predicted Class: 2,	Sum of LL: -15.753873859763111
Vec #539,	True Class: 2,	Predicted Class: 2,	Sum of LL: -38.47916654134197
Vec #540,	True Class: 2,	Predicted Class: 2,	Sum of LL: -99.69992046089116
Vec #541,	True Class: 2,	Predicted Class: 2,	Sum of LL: -47.47018214163219
Vec #542,	True Class: 2,	Predicted Class: 2,	Sum of LL: -187.24979867436372
Vec #543,	True Class: 2,	Predicted Class: 2,	Sum of LL: -19.37929435648142
Vec #544,	True Class: 2,	Predicted Class: 2,	Sum of LL: -67.21908852350721
Vec #545,	True Class: 2,	Predicted Class: 2,	Sum of LL: -31.179147949508565
Vec #546,	True Class: 2,	Predicted Class: 2,	Sum of LL: -30.10559826714963
Vec #547,	True Class: 2,	Predicted Class: 2,	Sum of LL: -73.91364178640309
Vec #548,	True Class: 2,	Predicted Class: 2,	Sum of LL: -20.914700243130227
Vec #549,	True Class: 2,	Predicted Class: 2,	Sum of LL: -36.322212015808645
Vec #550,	True Class: 2,	Predicted Class: 2,	Sum of LL: -18.231237706071287
Vec #551,	True Class: 1,	Predicted Class: 2,	Sum of LL: -12.192256451677057
Vec #552,	True Class: 1,	Predicted Class: 1,	Sum of LL: 9.564874009772565
Vec #553,	True Class: 2,	Predicted Class: 2,	Sum of LL: -30.074146383688536
Vec #554,	True Class: 2,	Predicted Class: 2,	Sum of LL: -31.136074932546425
Vec #555,	True Class: 2,	Predicted Class: 2,	Sum of LL: -73.33495919038593
Vec #556,	True Class: 2,	Predicted Class: 2,	Sum of LL: -14.900892067871052
